,RMSE,R2,MAE,CV RMSE
Linear Regression,1.9605628592202682,0.14192845144623478,1.417150278339966,2.26819300195088
Random Forest,1.6687421168889731,0.37835790687341764,1.0519976203068984,2.4612453591650074
XGBoost,1.720318097262742,0.3393377746322932,1.1273348759509898,2.5931614848406292
